{"count":1,"gauges":{"CameraBrain.CumulativeReward":{"count":1881,"max":54.59974,"min":0.6,"value":3.199999,"weightedAverage":6.946505}},"self":130.7456512,"total":50308.760410999996,"children":{"AgentSendState":{"count":158601,"self":7.400524,"total":342.315794,"children":{"CollectObservations":{"count":95166,"self":1.1574929999999999,"total":1.1574929999999999,"children":null},"CollectDiscreteActionMasks":{"count":95166,"self":1.136997,"total":1.136997,"children":null},"AgentInfo.ToProto":{"count":95166,"self":2.752497,"total":332.62077999999997,"children":{"GenerateSensorData":{"count":95166,"self":3.6630287999999998,"total":329.86828299999996,"children":{"CameraSensor.GetCompressedObservation":{"count":95166,"self":326.20526079999996,"total":326.20525399999997,"children":null}}}}}}},"DecideAction":{"count":158601,"self":49821.3158912,"total":49821.315278999995,"children":null},"AgentAct":{"count":158601,"self":6.15544,"total":14.379282,"children":{"AgentInfo.ToProto":{"count":1881,"self":0.06218,"total":8.223842,"children":{"GenerateSensorData":{"count":1881,"self":0.08265299999999999,"total":8.161662,"children":{"CameraSensor.GetCompressedObservation":{"count":1881,"self":8.0790088,"total":8.079009,"children":null}}}}}}}}}